<?xml version="1.0" encoding="UTF-8"?><embeddedOutputs><metaData><evaluationState>manual</evaluationState><layoutState>document</layoutState><outputStatus>ready</outputStatus><splitterState><proportion>0.4</proportion></splitterState></metaData><outputArray type="array"/><regionArray type="array"><element><code><sectionBreak>true</sectionBreak><endOfSection>false</endOfSection><regionNumber>0</regionNumber></code><startLine>11</startLine><endLine>11</endLine><outputIndexes type="array"/></element><element><code><sectionBreak>false</sectionBreak><endOfSection>true</endOfSection><regionNumber>1</regionNumber></code><startLine>12</startLine><endLine>12</endLine><outputIndexes type="array"/></element></regionArray></embeddedOutputs>