<?xml version="1.0" encoding="UTF-8"?><embeddedOutputs><metaData><evaluationState>manual</evaluationState><layoutState>document</layoutState><outputStatus>error</outputStatus><splitterState><proportion>0.4</proportion></splitterState></metaData><outputArray type="array"><element><type>error</type><outputData><text>Error using &lt;a href="matlab:matlab.internal.language.introspective.errorDocCallback('imread&gt;get_full_filename')" style="font-weight:bold"&gt;imread&gt;get_full_filename&lt;/a&gt;
File "pimientos.jpg" does not exist.

Error in &lt;a href="matlab:matlab.internal.language.introspective.errorDocCallback('imread', '/usr/local/MATLAB/R2023a/toolbox/matlab/imagesci/imread.m', 372)" style="font-weight:bold"&gt;imread&lt;/a&gt; (&lt;a href="matlab: opentoline('/usr/local/MATLAB/R2023a/toolbox/matlab/imagesci/imread.m',372,0)"&gt;line 372&lt;/a&gt;)
        fullname = get_full_filename(filename);</text><errorType>runtime</errorType></outputData><lineNumbers type="array"><element>4</element></lineNumbers></element></outputArray><regionArray type="array"><element><code><sectionBreak>true</sectionBreak><endOfSection>false</endOfSection><regionNumber>0</regionNumber></code><startLine>24</startLine><endLine>24</endLine><outputIndexes type="array"><element>0</element></outputIndexes></element><element><code><sectionBreak>false</sectionBreak><endOfSection>false</endOfSection><regionNumber>1</regionNumber></code><startLine>27</startLine><endLine>27</endLine><outputIndexes type="array"/></element><element><code><sectionBreak>false</sectionBreak><endOfSection>false</endOfSection><regionNumber>2</regionNumber></code><startLine>30</startLine><endLine>30</endLine><outputIndexes type="array"/></element><element><code><sectionBreak>false</sectionBreak><endOfSection>false</endOfSection><regionNumber>3</regionNumber></code><startLine>31</startLine><endLine>31</endLine><outputIndexes type="array"/></element><element><code><sectionBreak>false</sectionBreak><endOfSection>false</endOfSection><regionNumber>4</regionNumber></code><startLine>32</startLine><endLine>32</endLine><outputIndexes type="array"/></element><element><code><sectionBreak>false</sectionBreak><endOfSection>false</endOfSection><regionNumber>5</regionNumber></code><startLine>37</startLine><endLine>37</endLine><outputIndexes type="array"/></element><element><code><sectionBreak>false</sectionBreak><endOfSection>false</endOfSection><regionNumber>6</regionNumber></code><startLine>40</startLine><endLine>40</endLine><outputIndexes type="array"/></element><element><code><sectionBreak>false</sectionBreak><endOfSection>false</endOfSection><regionNumber>7</regionNumber></code><startLine>43</startLine><endLine>51</endLine><outputIndexes type="array"/></element><element><code><sectionBreak>false</sectionBreak><endOfSection>false</endOfSection><regionNumber>8</regionNumber></code><startLine>56</startLine><endLine>56</endLine><outputIndexes type="array"/></element><element><code><sectionBreak>false</sectionBreak><endOfSection>false</endOfSection><regionNumber>9</regionNumber></code><startLine>57</startLine><endLine>61</endLine><outputIndexes type="array"/></element><element><code><sectionBreak>false</sectionBreak><endOfSection>false</endOfSection><regionNumber>10</regionNumber></code><startLine>67</startLine><endLine>67</endLine><outputIndexes type="array"/></element><element><code><sectionBreak>false</sectionBreak><endOfSection>true</endOfSection><regionNumber>11</regionNumber></code><startLine>68</startLine><endLine>68</endLine><outputIndexes type="array"/></element></regionArray></embeddedOutputs>