<?xml version="1.0" encoding="UTF-8"?><embeddedOutputs><metaData><evaluationState>manual</evaluationState><layoutState>document</layoutState><outputStatus>ready</outputStatus><splitterState><proportion>0.3656072663066645</proportion></splitterState></metaData><outputArray type="array"/><regionArray type="array"><element><code><sectionBreak>true</sectionBreak><endOfSection>false</endOfSection><regionNumber>0</regionNumber></code><startLine>11</startLine><endLine>11</endLine><outputIndexes type="array"/></element><element><code><sectionBreak>false</sectionBreak><endOfSection>false</endOfSection><regionNumber>1</regionNumber></code><startLine>12</startLine><endLine>12</endLine><outputIndexes type="array"/></element><element><code><sectionBreak>false</sectionBreak><endOfSection>false</endOfSection><regionNumber>2</regionNumber></code><startLine>13</startLine><endLine>13</endLine><outputIndexes type="array"/></element><element><code><sectionBreak>false</sectionBreak><endOfSection>false</endOfSection><regionNumber>3</regionNumber></code><startLine>16</startLine><endLine>16</endLine><outputIndexes type="array"/></element><element><code><sectionBreak>false</sectionBreak><endOfSection>false</endOfSection><regionNumber>4</regionNumber></code><startLine>22</startLine><endLine>22</endLine><outputIndexes type="array"/></element><element><code><sectionBreak>false</sectionBreak><endOfSection>false</endOfSection><regionNumber>5</regionNumber></code><startLine>23</startLine><endLine>23</endLine><outputIndexes type="array"/></element><element><code><sectionBreak>false</sectionBreak><endOfSection>false</endOfSection><regionNumber>6</regionNumber></code><startLine>24</startLine><endLine>24</endLine><outputIndexes type="array"/></element><element><code><sectionBreak>false</sectionBreak><endOfSection>false</endOfSection><regionNumber>7</regionNumber></code><startLine>25</startLine><endLine>26</endLine><outputIndexes type="array"/></element><element><code><sectionBreak>false</sectionBreak><endOfSection>false</endOfSection><regionNumber>8</regionNumber></code><startLine>27</startLine><endLine>27</endLine><outputIndexes type="array"/></element><element><code><sectionBreak>false</sectionBreak><endOfSection>false</endOfSection><regionNumber>9</regionNumber></code><startLine>28</startLine><endLine>28</endLine><outputIndexes type="array"/></element><element><code><sectionBreak>false</sectionBreak><endOfSection>false</endOfSection><regionNumber>10</regionNumber></code><startLine>29</startLine><endLine>29</endLine><outputIndexes type="array"/></element><element><code><sectionBreak>false</sectionBreak><endOfSection>true</endOfSection><regionNumber>11</regionNumber></code><startLine>32</startLine><endLine>32</endLine><outputIndexes type="array"/></element></regionArray></embeddedOutputs>